<?xml version="1.0" encoding="UTF-8"?>
<project-private xmlns="http://www.netbeans.org/ns/project-private/1">
    <editor-bookmarks xmlns="http://www.netbeans.org/ns/editor-bookmarks/2" lastBookmarkId="0"/>
    <open-files xmlns="http://www.netbeans.org/ns/projectui-open-files/2">
        <group>
            <file>file:/C:/Users/stali/Desktop/Stalin%20Respaldo/Todo/deberes%20Pichincha/deberes%20de%20la%20tarde/_STALIN_OLMEDO/src/genericos/ArrayListG.java</file>
            <file>file:/C:/Users/stali/Desktop/Stalin%20Respaldo/Todo/deberes%20Pichincha/deberes%20de%20la%20tarde/_STALIN_OLMEDO/src/genericos/EjecutarLlenadoObjetos.java</file>
        </group>
    </open-files>
</project-private>
